member id,age,gender,membership_type,join_date,status
1,26,F,Monthly,27-10-2023,Cancelled
2,21,F,Weekly,24-11-2023,Cancelled
3,20,F,Monthly,17-11-2023,Cancelled
4,19,M,Monthly,01-12-2023,Cancelled
5,26,F,Quaterly,27-11-2023,Cancelled
6,20,M,Monthly,16-12-2023,Cancelled
7,26,M,Monthly,24-10-2023,Active
8,19,M,Monthly,30-12-2023,Active
9,24,M,Monthly,12-10-2023,Active
10,24,F,Quaterly,20-12-2023,Active
11,22,F,Weekly,25-12-2023,Active
12,19,F,Weekly,10-10-2023,Active
13,19,F,Monthly,30-10-2023,Active
14,22,M,Weekly,10-12-2023,Active
15,23,F,Quaterly,23-12-2023,Active
16,26,M,Monthly,12-10-2023,Active
17,20,M,Monthly,29-12-2023,Active
18,26,M,Quaterly,26-11-2023,Active
19,20,M,Weekly,17-12-2023,Active
20,20,F,Weekly,18-10-2023,Cancelled
21,20,M,Quaterly,06-12-2023,Active
22,26,M,Monthly,20-12-2023,Active
23,23,M,Monthly,22-12-2023,Active
24,32,M,Annually,02-10-2023,Active
25,25,F,Monthly,30-12-2023,Active
26,25,M,Monthly,17-12-2023,Active
27,22,M,Monthly,22-10-2023,Active
28,22,F,Monthly,24-11-2023,Active
29,24,M,Monthly,14-11-2023,Active
30,24,M,Monthly,14-11-2023,Active
31,25,M,Monthly,11-11-2023,Active
32,19,M,Monthly,04-10-2023,Active
33,25,F,Quaterly,19-10-2023,Active
34,19,F,Monthly,24-11-2023,Active
35,21,F,Monthly,23-11-2023,Active
36,19,M,Weekly,23-12-2023,Active
37,22,M,Quaterly,25-11-2023,Active
38,19,M,Monthly,09-10-2023,Active
39,20,M,Weekly,23-10-2023,Active
40,21,M,Quaterly,24-11-2023,Active
41,23,M,Monthly,17-12-2023,Active
42,23,F,Quaterly,02-10-2023,Active
43,24,M,Monthly,11-11-2023,Active
44,20,M,Weekly,29-12-2023,Active
45,26,F,Weekly,11-12-2023,Active
46,31,F,Annually,10-10-2023,Active
47,22,M,Monthly,02-10-2023,Active
48,20,M,Weekly,10-12-2023,Active
49,19,M,Weekly,06-10-2023,Active
50,38,F,Quaterly,17-12-2023,Active
51,19,F,Weekly,05-10-2023,Active
52,22,M,Weekly,22-10-2023,Active
53,25,M,Monthly,12-10-2023,Active
54,22,F,Monthly,16-12-2023,Active
55,20,M,Monthly,13-10-2023,Active
56,20,F,Quaterly,29-10-2023,Active
57,25,M,Monthly,30-11-2023,Active
58,25,M,Monthly,25-12-2023,Active
59,21,M,Weekly,22-10-2023,Active
60,24,F,Monthly,12-11-2023,Active
61,19,F,Quaterly,01-11-2023,Active
62,19,F,Weekly,01-10-2023,Active
63,42,F,Quaterly,14-10-2023,Active
64,23,M,Monthly,18-10-2023,Active
65,19,M,Monthly,05-12-2023,Active
66,20,M,Weekly,24-10-2023,Active
67,22,M,Monthly,02-11-2023,Active
68,20,M,Quaterly,08-11-2023,Active
69,19,M,Weekly,20-10-2023,Active
70,21,M,Weekly,17-12-2023,Active
71,20,M,Weekly,27-11-2023,Active
72,21,F,Monthly,19-11-2023,Active
73,24,F,Monthly,16-12-2023,Active
74,23,M,Monthly,16-12-2023,Active
75,26,M,Quaterly,09-11-2023,Active
76,26,M,Weekly,08-12-2023,Active
77,22,F,Weekly,02-10-2023,Active
78,23,F,Quaterly,26-12-2023,Active
79,23,M,Weekly,10-12-2023,Active
80,21,M,Weekly,13-10-2023,Active
81,24,M,Weekly,16-11-2023,Active
82,25,M,Monthly,22-10-2023,Active
83,24,F,Weekly,22-10-2023,Active
84,22,F,Weekly,11-10-2023,Active
85,26,M,Quaterly,21-11-2023,Active
86,19,M,Monthly,30-10-2023,Active
87,25,F,Weekly,12-12-2023,Active
88,21,F,Quaterly,28-12-2023,Active
89,26,F,Weekly,23-11-2023,Active
90,20,F,Monthly,21-11-2023,Active
91,19,M,Monthly,16-10-2023,Active
92,20,M,Weekly,16-11-2023,Active
93,25,F,Weekly,11-12-2023,Active
94,25,M,Annually,07-12-2023,Active
95,20,F,Weekly,30-10-2023,Active
96,21,M,Monthly,08-10-2023,Active
97,21,M,Weekly,09-10-2023,Active
98,24,M,Quaterly,11-11-2023,Active
99,23,M,Monthly,15-11-2023,Active
100,26,M,Weekly,22-10-2023,Active
101,23,M,Weekly,22-10-2023,Active
102,23,F,Weekly,29-10-2023,Active
103,25,M,Quaterly,17-10-2023,Active
104,21,M,Monthly,14-11-2023,Active
105,26,F,Weekly,08-11-2023,Active
106,21,M,Monthly,17-11-2023,Active
107,27,M,Quaterly,12-12-2023,Active
108,19,M,Weekly,15-12-2023,Active
109,19,M,Weekly,15-11-2023,Active
110,25,F,Weekly,12-12-2023,Active
111,23,F,Quaterly,01-12-2023,Active
112,19,M,Monthly,07-10-2023,Active
113,23,F,Annually,01-11-2023,Active
114,26,M,Weekly,20-10-2023,Active
115,21,M,Monthly,27-10-2023,Active
116,24,M,Monthly,11-10-2023,Active
117,22,M,Weekly,24-10-2023,Active
118,22,F,Quaterly,05-12-2023,Active
119,26,F,Weekly,30-11-2023,Active
120,28,F,Quaterly,17-11-2023,Active
121,20,M,Weekly,26-10-2023,Active
122,20,F,Monthly,28-12-2023,Active
123,29,F,Quaterly,24-10-2023,Active
124,24,M,Monthly,28-11-2023,Active
125,26,F,Quaterly,14-10-2023,Active
126,25,M,Annually,02-11-2023,Active
127,22,M,Monthly,19-11-2023,Active
128,23,M,Monthly,24-11-2023,Active
129,20,M,Weekly,15-10-2023,Active
130,26,M,Weekly,28-11-2023,Active
131,17,M,Annually,03-11-2023,Active
132,21,F,Weekly,18-10-2023,Active
133,21,M,Monthly,05-11-2023,Active
134,21,M,Weekly,12-11-2023,Active
135,25,M,Monthly,26-12-2023,Active
136,21,F,Weekly,03-10-2023,Active
137,26,M,Quaterly,09-12-2023,Active
138,24,M,Weekly,26-10-2023,Active
139,25,F,Monthly,08-12-2023,Active
140,51,M,Monthly,28-12-2023,Active
141,21,M,Annually,04-10-2023,Active
142,23,M,Quaterly,05-10-2023,Active
143,26,F,Weekly,24-10-2023,Active
144,19,F,Monthly,19-12-2023,Active
145,21,F,Quaterly,17-11-2023,Active
146,24,M,Weekly,15-10-2023,Active
147,21,M,Monthly,17-11-2023,Active
148,19,M,Weekly,26-11-2023,Active
149,24,M,Quaterly,02-11-2023,Active
150,39,F,Annually,26-10-2023,Active
151,26,F,Monthly,26-10-2023,Active
152,26,M,Weekly,05-10-2023,Active
153,23,M,Monthly,05-10-2023,Active
154,20,F,Monthly,28-12-2023,Active
155,21,F,Monthly,24-11-2023,Active
156,23,M,Monthly,02-12-2023,Active
157,24,M,Monthly,05-12-2023,Active
158,44,M,Quaterly,23-11-2023,Active
159,19,F,Monthly,03-12-2023,Active
160,22,M,Monthly,12-11-2023,Active
161,26,M,Weekly,20-12-2023,Active
162,23,M,Weekly,09-12-2023,Active
163,20,M,Weekly,24-12-2023,Active
164,19,M,Quaterly,01-11-2023,Active
165,29,M,Annually,20-11-2023,Active
166,40,M,Monthly,26-11-2023,Active
167,25,F,Monthly,06-12-2023,Active
168,23,M,Monthly,17-11-2023,Active
169,22,M,Quaterly,27-11-2023,Active
170,24,M,Weekly,18-12-2023,Active
171,21,M,Weekly,21-10-2023,Active
172,22,M,Weekly,10-12-2023,Active
173,22,M,Monthly,05-11-2023,Active
174,22,M,Monthly,25-12-2023,Active
175,21,M,Weekly,20-10-2023,Active
176,20,M,Weekly,25-10-2023,Active
177,23,M,Weekly,03-12-2023,Active
178,23,M,Monthly,10-11-2023,Active
179,19,M,Monthly,03-11-2023,Active
180,24,M,Monthly,14-12-2023,Active
181,22,M,Weekly,22-12-2023,Active
182,19,F,Weekly,27-10-2023,Active
183,26,F,Monthly,21-10-2023,Active
184,25,M,Monthly,12-12-2023,Active
185,23,M,Weekly,20-10-2023,Active
186,21,M,Monthly,22-12-2023,Active
187,19,M,Weekly,14-10-2023,Active
188,26,M,Quaterly,21-10-2023,Active
189,24,F,Weekly,17-12-2023,Active
190,21,F,Annually,16-11-2023,Active
191,21,M,Quaterly,13-12-2023,Active
192,21,M,Monthly,14-10-2023,Active
193,25,M,Quaterly,03-12-2023,Active
194,25,F,Monthly,23-12-2023,Active
195,21,F,Weekly,14-12-2023,Active
196,21,M,Weekly,08-10-2023,Active
197,24,M,Weekly,28-11-2023,Active
198,20,M,Monthly,04-10-2023,Active
199,24,M,Monthly,20-11-2023,Active
200,20,F,Weekly,18-10-2023,Active
201,24,M,Weekly,06-12-2023,Active
202,35,M,Monthly,30-11-2023,Active
203,21,M,Weekly,20-10-2023,Active
204,22,M,Weekly,05-12-2023,Active
205,25,M,Weekly,04-11-2023,Active
206,22,M,Weekly,23-12-2023,Active
207,37,M,Annually,22-10-2023,Active
208,21,M,Monthly,15-10-2023,Active
209,26,M,Monthly,21-10-2023,Active
210,26,M,Monthly,20-10-2023,Active
211,21,M,Monthly,13-12-2023,Active
212,24,F,Quaterly,09-11-2023,Active
213,20,M,Weekly,23-11-2023,Active
214,23,F,Weekly,26-12-2023,Active
215,48,M,Quaterly,17-11-2023,Active
216,38,F,Monthly,25-11-2023,Active
217,18,M,Weekly,30-12-2023,Active
218,23,F,Weekly,23-11-2023,Active
219,22,M,Weekly,23-12-2023,Active
220,25,F,Monthly,21-10-2023,Active
221,26,M,Monthly,24-11-2023,Active
222,21,M,Monthly,23-12-2023,Active
223,26,M,Monthly,08-10-2023,Active
224,25,F,Quaterly,01-10-2023,Active
225,19,F,Weekly,02-12-2023,Active
226,20,M,Weekly,05-10-2023,Active
227,23,M,Monthly,28-12-2023,Active
228,21,M,Monthly,25-11-2023,Active
229,19,M,Monthly,18-10-2023,Active
230,20,M,Weekly,17-12-2023,Active
231,24,F,Monthly,29-11-2023,Active
232,22,M,Quaterly,27-11-2023,Active
233,24,M,Quaterly,01-10-2023,Active
234,26,M,Weekly,26-12-2023,Active
235,25,F,Quaterly,12-10-2023,Active
236,21,M,Weekly,26-11-2023,Active
237,23,F,Weekly,21-12-2023,Active
238,22,F,Monthly,03-11-2023,Active
239,19,M,Weekly,08-11-2023,Active
240,19,F,Monthly,10-11-2023,Active
241,24,F,Annually,12-11-2023,Active
242,23,M,Monthly,02-11-2023,Active
243,26,M,Weekly,08-10-2023,
244,25,M,Quaterly,26-12-2023,
245,20,M,Monthly,14-12-2023,
246,20,M,Weekly,07-12-2023,
247,32,M,Annually,07-11-2023,
248,24,M,Weekly,06-10-2023,
249,24,M,Weekly,29-12-2023,
250,22,F,Quaterly,06-12-2023,
251,19,M,Weekly,23-11-2023,
252,21,M,Monthly,16-10-2023,
253,20,M,Weekly,06-12-2023,
254,20,M,Monthly,01-10-2023,
255,20,M,Monthly,08-11-2023,
256,19,F,Monthly,30-12-2023,
257,20,M,Weekly,22-12-2023,Active
258,25,M,Weekly,12-12-2023,Active
259,19,M,Monthly,30-11-2023,Active
260,23,M,Monthly,14-11-2023,Active
261,25,F,Quaterly,04-12-2023,Active
262,25,F,Quaterly,02-12-2023,Active
263,25,M,Monthly,14-12-2023,Active
264,22,M,Weekly,26-12-2023,Active
265,25,M,Weekly,15-11-2023,Active
266,21,M,Weekly,09-10-2023,Active
267,26,F,Monthly,08-12-2023,Active
268,25,M,Monthly,02-10-2023,Active
269,19,M,Annually,27-12-2023,Active
270,25,F,Weekly,15-11-2023,Active
271,20,M,Quaterly,28-12-2023,Active
272,23,F,Annually,06-12-2023,Active
273,26,M,Annually,04-12-2023,Active
274,19,M,Weekly,08-12-2023,Active
275,19,F,Quaterly,03-11-2023,Active
276,19,M,Weekly,29-12-2023,Active
277,19,M,Weekly,10-11-2023,Active
278,24,M,Annually,01-12-2023,Active
279,22,M,Quaterly,30-11-2023,Active
280,25,M,Weekly,07-12-2023,Active
281,24,F,Quaterly,30-12-2023,Active
282,22,M,Weekly,28-12-2023,Active
283,19,M,Monthly,03-11-2023,Active
284,21,M,Monthly,01-12-2023,Active
285,24,F,Quaterly,22-10-2023,Active
286,23,M,Monthly,04-11-2023,Active
287,19,M,Weekly,22-10-2023,Active
288,20,M,Weekly,28-11-2023,Active
289,25,F,Quaterly,13-12-2023,Active
290,23,M,Monthly,27-10-2023,Active
291,21,M,Monthly,26-10-2023,Active
292,22,M,Monthly,10-12-2023,Active
293,23,M,Quaterly,25-11-2023,Active
294,26,M,Weekly,22-10-2023,Active
295,21,M,Monthly,11-10-2023,Active
296,20,M,Monthly,29-10-2023,Active
297,19,F,Annually,28-12-2023,Active
298,24,M,Quaterly,21-12-2023,Active
299,23,M,Weekly,24-10-2023,Active
300,24,F,Quaterly,21-10-2023,Active
301,19,M,Monthly,16-10-2023,Active
302,21,M,Monthly,05-10-2023,Active
303,23,F,Monthly,09-12-2023,Active
304,25,M,Weekly,11-12-2023,Active
305,28,F,Monthly,28-10-2023,Active
306,20,M,Weekly,28-12-2023,Active
307,26,M,Weekly,29-10-2023,Active
308,19,M,Quaterly,30-12-2023,Active
309,21,M,Quaterly,08-12-2023,Active
310,23,M,Weekly,22-11-2023,Active
311,19,M,Monthly,06-10-2023,Active
312,20,F,Weekly,12-12-2023,Active
313,37,F,Quaterly,08-11-2023,Active
314,25,F,Quaterly,04-10-2023,Active
315,24,M,Monthly,08-10-2023,Active
316,22,M,Monthly,30-11-2023,Active
317,23,F,Weekly,16-11-2023,Active
318,20,M,Weekly,21-10-2023,Active
319,19,M,Weekly,04-11-2023,Active
320,25,M,Weekly,09-11-2023,Active
321,26,M,Monthly,21-11-2023,Active
322,22,M,Weekly,30-11-2023,Active
323,21,M,Weekly,06-12-2023,Active
324,22,M,Quaterly,15-12-2023,Active
325,26,M,Monthly,06-10-2023,Active
326,45,M,Annually,20-10-2023,Active
327,24,M,Weekly,08-10-2023,Active
328,24,M,Monthly,26-12-2023,Active
329,19,M,Weekly,27-10-2023,Active
330,24,M,Monthly,23-12-2023,Active
331,20,F,Quaterly,19-11-2023,Active
332,25,F,Weekly,10-12-2023,Active
333,26,F,Annually,07-11-2023,Active
334,22,M,Quaterly,23-12-2023,Active
335,29,F,Monthly,01-10-2023,Active
336,22,F,Annually,25-11-2023,Active
337,25,M,Monthly,19-12-2023,Active
338,23,F,Weekly,30-11-2023,Active
339,21,M,Monthly,08-12-2023,Active
340,23,M,Monthly,07-11-2023,Active
341,22,F,Weekly,21-12-2023,Active
342,23,F,Quaterly,25-10-2023,Active
343,26,M,Monthly,14-12-2023,Active
344,25,M,Monthly,25-10-2023,Active
345,22,F,Quaterly,12-10-2023,Active
346,23,F,Monthly,02-10-2023,Active
347,26,M,Monthly,17-11-2023,Active
348,26,F,Monthly,24-10-2023,Active
349,24,M,Weekly,29-10-2023,Active
350,19,M,Weekly,25-12-2023,Active
351,20,M,Monthly,29-10-2023,Active
352,20,M,Weekly,16-10-2023,Active
353,21,M,Monthly,04-12-2023,Active
354,26,F,Weekly,19-10-2023,Expired
355,25,F,Monthly,06-10-2023,Expired
356,21,M,Weekly,01-11-2023,Expired
357,25,M,Monthly,06-11-2023,Expired
358,20,M,Monthly,03-11-2023,Expired
359,25,M,Monthly,09-10-2023,Expired
360,34,M,Annually,18-12-2023,Active
361,21,M,Monthly,07-10-2023,Active
362,23,F,Quaterly,11-10-2023,Active
363,25,M,Weekly,25-10-2023,Active
364,19,M,Monthly,18-12-2023,Active
365,20,M,Weekly,06-10-2023,Active
366,22,M,Weekly,09-12-2023,Active
367,21,F,Monthly,21-12-2023,Active
368,21,M,Monthly,22-10-2023,Active
369,24,M,Weekly,24-12-2023,Active
370,45,M,Annually,12-12-2023,Active
371,22,F,Weekly,17-11-2023,Active
372,20,M,Monthly,22-10-2023,Active
373,25,F,Quaterly,26-10-2023,Active
374,22,M,Weekly,30-11-2023,
375,21,F,Monthly,11-12-2023,
376,26,F,Weekly,25-11-2023,
377,45,M,Quaterly,08-11-2023,
378,23,F,Monthly,09-12-2023,
379,26,F,Quaterly,13-10-2023,
380,20,F,Monthly,08-11-2023,
381,21,F,Monthly,12-12-2023,
382,24,M,Monthly,14-11-2023,
383,21,M,Quaterly,03-11-2023,
384,33,M,Annually,19-11-2023,
385,46,F,Quaterly,01-11-2023,
386,19,F,Weekly,07-10-2023,
387,23,M,Monthly,05-12-2023,Active
388,26,F,Monthly,15-10-2023,Active
389,20,M,Monthly,01-11-2023,Active
390,24,M,Monthly,10-11-2023,Active
391,20,M,Monthly,16-11-2023,Active
392,21,F,Monthly,15-12-2023,Active
393,22,M,Weekly,21-12-2023,Active
394,19,M,Monthly,13-11-2023,Active
395,26,F,Monthly,13-10-2023,Active
396,21,F,Monthly,22-11-2023,Active
397,20,M,Monthly,08-11-2023,Active
398,23,M,Monthly,01-11-2023,Active
399,26,M,Weekly,30-11-2023,Active
400,41,M,Annually,14-10-2023,Active
401,21,M,Weekly,11-11-2023,Active
402,25,M,Monthly,29-12-2023,Active
403,21,M,Monthly,20-12-2023,Active
404,21,M,Weekly,06-12-2023,Active
405,24,M,Weekly,20-12-2023,Active
406,21,F,Monthly,17-11-2023,Active
407,22,F,Quaterly,08-10-2023,Active
408,31,M,Weekly,27-12-2023,Active
409,22,M,Monthly,08-11-2023,Active
410,25,M,Monthly,10-12-2023,Active
411,24,F,Quaterly,25-10-2023,Active
412,25,M,Monthly,19-11-2023,Active
413,33,M,Monthly,29-11-2023,Active
414,26,M,Monthly,13-11-2023,Active
415,22,M,Monthly,11-12-2023,Active
416,19,M,Monthly,30-11-2023,Active
417,25,M,Weekly,27-11-2023,Active
418,19,M,Quaterly,17-11-2023,Active
419,21,F,Weekly,26-12-2023,Active
420,23,F,Weekly,15-10-2023,Active
421,24,F,Weekly,27-12-2023,Active
422,20,M,Monthly,09-10-2023,Active
423,25,M,Monthly,09-11-2023,Active
424,20,M,Quaterly,18-12-2023,Active
425,45,M,Quaterly,01-10-2023,Active
426,21,F,Monthly,04-11-2023,Active
427,22,M,Annually,22-11-2023,Active
428,21,F,Weekly,17-11-2023,Active
429,23,F,Weekly,10-12-2023,Active
430,19,M,Monthly,07-11-2023,Active
431,25,F,Weekly,20-12-2023,Active
432,21,M,Monthly,11-11-2023,Active
433,20,M,Monthly,15-11-2023,Active
434,20,M,Weekly,27-11-2023,Active
435,25,F,Quaterly,28-10-2023,Active
436,26,F,Monthly,27-11-2023,Active
437,23,M,Monthly,18-12-2023,Active
438,23,F,Weekly,10-12-2023,Active
439,20,M,Weekly,15-11-2023,Active
440,20,F,Quaterly,27-11-2023,Active
441,19,M,Monthly,24-11-2023,Active
442,25,F,Weekly,01-11-2023,Active
443,26,F,Weekly,30-12-2023,Active
444,20,M,Monthly,21-12-2023,Active
445,26,M,Monthly,15-11-2023,Active
446,24,M,Weekly,11-11-2023,Active
447,25,M,Monthly,21-12-2023,Active
448,22,M,Weekly,05-12-2023,Active
449,22,M,Weekly,02-11-2023,Active
450,19,M,Monthly,26-12-2023,Active
451,25,M,Weekly,01-11-2023,Active
452,22,M,Monthly,13-12-2023,Active
453,19,F,Monthly,28-12-2023,Active
454,22,M,Weekly,02-10-2023,Active
455,21,M,Weekly,26-10-2023,Active
456,19,F,Monthly,25-10-2023,Active
457,23,F,Annually,23-10-2023,Active
458,20,F,Monthly,04-10-2023,Active
459,23,M,Weekly,26-12-2023,Active
460,23,M,Weekly,13-12-2023,Active
461,22,M,Weekly,06-10-2023,Active
462,22,M,Weekly,21-12-2023,Active
463,25,F,Quaterly,23-11-2023,Active
464,20,M,Weekly,16-11-2023,Active
465,26,M,Quaterly,20-10-2023,Active
466,25,M,Monthly,30-11-2023,Active
467,46,F,Weekly,10-12-2023,Active
468,20,F,Quaterly,23-12-2023,Active
469,19,M,Monthly,11-11-2023,Active
470,23,M,Weekly,30-12-2023,Active
471,24,M,Quaterly,24-11-2023,Active
472,20,F,Quaterly,29-10-2023,Active
473,25,F,Quaterly,23-12-2023,Active
474,20,F,Annually,01-10-2023,Active
475,24,F,Weekly,11-11-2023,Active
476,21,M,Monthly,03-11-2023,Active
477,20,F,Monthly,06-12-2023,Active
478,26,F,Monthly,29-10-2023,Active
479,20,M,Quaterly,07-10-2023,Active
480,19,F,Weekly,24-12-2023,Active
481,22,M,Weekly,29-10-2023,Active
482,26,M,Monthly,13-12-2023,Active
483,20,F,Quaterly,06-11-2023,Active
484,21,M,Quaterly,19-11-2023,Active
485,20,F,Monthly,18-10-2023,Active
486,21,M,Weekly,30-10-2023,Active
487,20,M,Monthly,17-12-2023,Active
488,22,M,Quaterly,11-10-2023,Active
489,20,F,Quaterly,06-11-2023,Active
490,24,M,Quaterly,13-12-2023,Active
491,22,M,Monthly,13-12-2023,Active
492,19,F,Weekly,02-12-2023,Active
493,19,M,Weekly,13-10-2023,Active
494,21,M,Weekly,11-11-2023,Active
495,47,M,Quaterly,23-11-2023,Active
496,25,M,Weekly,03-10-2023,Active
497,19,F,Quaterly,02-11-2023,Active
498,24,M,Monthly,22-10-2023,Active
499,26,M,Weekly,02-12-2023,Active
500,25,M,Weekly,19-10-2023,Active
501,25,M,Weekly,05-10-2023,Active
502,23,M,Quaterly,03-10-2023,Active
503,22,F,Weekly,08-12-2023,Active
504,22,F,Weekly,11-11-2023,Active
505,20,M,Monthly,03-12-2023,Active
506,24,F,Quaterly,18-11-2023,Active
507,26,F,Monthly,08-11-2023,Active
508,26,M,Monthly,28-11-2023,Active
509,21,M,Weekly,17-11-2023,Active
510,23,M,Monthly,21-10-2023,Active
511,44,F,Quaterly,05-11-2023,Active
512,23,F,Quaterly,10-10-2023,Active
513,20,M,Weekly,02-10-2023,Active
514,22,F,Quaterly,22-12-2023,Active
515,21,M,Monthly,24-12-2023,Active
516,24,M,Monthly,10-12-2023,Active
517,26,F,Monthly,02-10-2023,Active
518,20,M,Monthly,20-12-2023,Active
519,20,M,Weekly,25-12-2023,Active
520,26,M,Weekly,12-11-2023,Active
521,24,M,Weekly,26-12-2023,Active
522,21,M,Quaterly,24-12-2023,Active
523,26,M,Monthly,12-10-2023,Active
524,24,M,Weekly,22-10-2023,Active
525,20,M,Weekly,08-11-2023,Active
526,21,F,Annually,25-11-2023,Active
527,21,M,Monthly,06-12-2023,Active
528,20,F,Monthly,07-10-2023,Active
529,20,M,Monthly,03-12-2023,Active
530,26,M,Weekly,10-10-2023,Active
531,21,M,Monthly,14-11-2023,Active
532,26,M,Weekly,13-10-2023,Active
533,22,F,Quaterly,30-12-2023,Active
534,23,M,Weekly,23-10-2023,Active
535,26,M,Weekly,26-10-2023,Active
536,23,F,Weekly,11-12-2023,Active
537,25,F,Quaterly,18-10-2023,Active
538,23,M,Weekly,13-12-2023,Active
539,19,F,Weekly,04-10-2023,Active
540,20,M,Monthly,08-10-2023,Active
541,25,M,Weekly,03-11-2023,Active
542,19,M,Weekly,07-12-2023,Active
543,20,M,Weekly,04-10-2023,Active
544,22,M,Weekly,15-11-2023,Active
545,25,M,Monthly,25-12-2023,Active
546,24,M,Quaterly,16-11-2023,Active
547,24,M,Weekly,04-12-2023,Active
548,23,F,Monthly,05-10-2023,Active
549,22,M,Monthly,13-11-2023,Active
550,21,M,Monthly,22-12-2023,Active
551,24,M,Monthly,28-10-2023,Active
552,26,M,Monthly,23-12-2023,Active
553,22,M,Monthly,11-11-2023,Active
554,26,M,Weekly,21-11-2023,Active
555,23,F,Monthly,29-11-2023,Active
556,25,M,Weekly,20-12-2023,Active
557,20,M,Monthly,03-10-2023,Active
558,19,F,Weekly,16-11-2023,Active
559,23,M,Weekly,24-12-2023,Active
560,22,M,Weekly,01-11-2023,Active
561,25,M,Weekly,18-10-2023,Active
562,24,M,Weekly,08-11-2023,Active
563,32,M,Quaterly,14-10-2023,Active
564,21,M,Weekly,01-11-2023,Active
565,22,F,Monthly,21-10-2023,Active
566,22,M,Quaterly,04-10-2023,Active
567,23,F,Weekly,16-11-2023,Active
568,21,F,Weekly,26-12-2023,Active
569,26,M,Annually,20-10-2023,Active
570,33,M,Weekly,20-10-2023,Active
571,20,M,Weekly,02-10-2023,Active
572,24,M,Monthly,14-10-2023,Active
573,26,M,Monthly,23-11-2023,Active
574,23,M,Monthly,07-10-2023,Active
575,26,F,Weekly,29-12-2023,Active
576,26,F,Monthly,02-10-2023,Active
577,23,M,Monthly,24-11-2023,Active
578,26,M,Monthly,12-12-2023,Active
579,21,F,Monthly,08-10-2023,Active
580,25,F,Monthly,14-10-2023,Active
581,24,F,Monthly,10-10-2023,Active
582,26,M,Weekly,01-12-2023,Active
583,21,M,Weekly,17-12-2023,Active
584,24,M,Monthly,29-10-2023,Active
585,24,M,Monthly,21-12-2023,Active
586,25,M,Monthly,06-11-2023,Active
587,21,M,Weekly,29-12-2023,Active
588,21,M,Weekly,07-11-2023,Active
589,20,M,Weekly,23-12-2023,Active
590,26,M,Weekly,17-12-2023,Active
591,19,F,Quaterly,23-12-2023,Active
592,24,F,Monthly,04-10-2023,Active
593,22,M,Weekly,23-10-2023,Active
594,23,M,Monthly,02-11-2023,Active
595,25,F,Annually,13-10-2023,Active
596,25,F,Monthly,07-11-2023,Active
597,25,M,Weekly,28-11-2023,Active
598,25,M,Quaterly,09-12-2023,Active
599,25,M,Quaterly,06-10-2023,Active
600,25,M,Weekly,16-10-2023,Active
601,25,F,Monthly,25-11-2023,Active
602,22,F,Weekly,04-11-2023,Active
603,22,F,Monthly,24-11-2023,Active
604,26,M,Monthly,20-12-2023,Active
605,24,M,Monthly,18-10-2023,Active
606,20,F,Quaterly,19-12-2023,Active
607,20,M,Monthly,13-11-2023,Active
608,26,M,Quaterly,13-12-2023,Active
609,21,M,Weekly,16-12-2023,Active
610,19,M,Monthly,14-12-2023,Active
611,20,F,Monthly,09-11-2023,Active
612,24,F,Quaterly,20-11-2023,Active
613,19,M,Weekly,06-12-2023,Active
614,23,M,Quaterly,11-11-2023,Active
615,20,M,Monthly,28-10-2023,Active
616,23,M,Monthly,11-10-2023,Active
617,26,M,Weekly,30-12-2023,Active
618,26,F,Monthly,27-10-2023,Active
619,22,M,Weekly,05-12-2023,Active
620,23,M,Weekly,09-10-2023,Active
621,25,F,Weekly,26-11-2023,Active
622,20,M,Weekly,12-11-2023,Active
623,22,M,Weekly,17-12-2023,Active
624,22,M,Monthly,15-12-2023,Active
625,22,M,Quaterly,02-10-2023,Active
626,20,M,Weekly,30-10-2023,Active
627,26,M,Monthly,15-11-2023,Active
628,20,M,Weekly,07-12-2023,Active
629,22,M,Weekly,05-12-2023,Active
630,24,F,Weekly,15-10-2023,Active
631,22,F,Annually,10-11-2023,Active
632,24,M,Annually,05-11-2023,Active
633,20,M,Annually,05-10-2023,Active
634,20,F,Annually,30-11-2023,Active
635,20,M,Annually,29-10-2023,Active
636,26,M,Weekly,13-10-2023,Active
637,24,M,Weekly,26-11-2023,Active
638,23,M,Weekly,21-10-2023,Active
639,26,M,Quaterly,18-12-2023,Active
640,20,M,Quaterly,20-12-2023,Active
641,21,M,Weekly,17-10-2023,Active
642,19,F,Monthly,17-10-2023,Active
643,21,M,Monthly,08-11-2023,Active
644,24,M,Monthly,22-10-2023,Expired
645,21,F,Quaterly,06-10-2023,Expired
646,19,F,Annually,25-12-2023,Expired
647,24,M,Monthly,12-12-2023,Expired
648,25,M,Monthly,30-12-2023,Expired
649,22,M,Monthly,11-11-2023,Expired
650,21,F,Monthly,04-11-2023,Active
651,24,M,Monthly,13-12-2023,Active
652,24,M,Quaterly,30-12-2023,Active
653,42,M,Weekly,05-12-2023,Active
654,21,F,Weekly,05-10-2023,Active
655,23,M,Weekly,29-12-2023,Active
656,25,M,Weekly,08-10-2023,Active
657,19,M,Monthly,04-10-2023,Active
658,39,F,Monthly,06-11-2023,Active
659,20,F,Weekly,02-11-2023,Active
660,22,M,Weekly,15-11-2023,Active
661,20,M,Weekly,24-12-2023,Active
662,24,M,Weekly,08-11-2023,Active
663,19,M,Monthly,11-11-2023,Active
664,26,M,Monthly,23-12-2023,Active
665,26,M,Annually,07-10-2023,Active
666,24,F,Monthly,10-10-2023,Active
667,26,M,Monthly,12-12-2023,Active
668,26,M,Quaterly,11-11-2023,Active
669,21,M,Monthly,02-10-2023,Active
670,21,M,Weekly,18-11-2023,Active
671,21,M,Weekly,01-10-2023,Active
672,20,M,Quaterly,11-10-2023,Active
673,46,M,Quaterly,06-11-2023,Active
674,24,M,Quaterly,18-12-2023,Active
675,26,F,Weekly,12-12-2023,Active
676,22,F,Weekly,21-12-2023,Active
677,24,M,Weekly,28-11-2023,Cancelled
678,20,M,Weekly,17-10-2023,Active
679,21,M,Weekly,20-10-2023,Active
680,21,M,Monthly,15-11-2023,Active
681,26,F,Monthly,12-12-2023,Active
682,20,F,Weekly,08-12-2023,Active
683,20,M,Weekly,17-10-2023,Active
684,20,M,Weekly,23-10-2023,Active
685,25,M,Monthly,19-11-2023,Active
686,19,M,Monthly,18-11-2023,Active
687,23,M,Weekly,16-11-2023,Active
688,23,M,Monthly,16-12-2023,Active
689,20,M,Monthly,19-11-2023,Active
690,26,M,Monthly,19-12-2023,Active
691,23,M,Annually,01-11-2023,Active
692,24,F,Quaterly,24-11-2023,Active
693,25,M,Monthly,10-10-2023,Active
694,19,F,Weekly,18-10-2023,Active
695,20,M,Monthly,21-11-2023,Active
696,22,F,Weekly,25-11-2023,Active
697,24,F,Monthly,23-11-2023,Active
698,21,F,Weekly,23-11-2023,Active
699,25,F,Weekly,03-10-2023,Active
700,24,M,Monthly,09-10-2023,Active
701,26,M,Monthly,19-10-2023,Active
702,22,F,Monthly,29-12-2023,Active
703,52,M,Monthly,05-10-2023,Active
704,20,F,Monthly,28-12-2023,Active
705,25,M,Weekly,16-11-2023,Active
706,23,F,Annually,24-11-2023,Active
707,25,M,Monthly,07-11-2023,Active
708,24,M,Monthly,22-11-2023,Active
709,23,F,Monthly,09-12-2023,Active
710,22,F,Quaterly,25-10-2023,Active
711,25,F,Annually,21-11-2023,Active
712,24,F,Monthly,27-11-2023,Active
713,22,M,Monthly,03-12-2023,Active
714,22,F,Quaterly,22-11-2023,Active
715,19,F,Annually,30-11-2023,Active
716,26,M,Quaterly,03-12-2023,Active
717,26,M,Monthly,01-12-2023,Active
718,24,F,Annually,02-11-2023,Active
719,23,F,Quaterly,16-10-2023,Active
720,26,M,Monthly,15-12-2023,Active
721,26,M,Monthly,08-12-2023,Active
722,21,M,Quaterly,22-11-2023,Active
723,25,M,Weekly,28-10-2023,Active
724,22,F,Monthly,24-12-2023,Active
725,26,M,Weekly,15-10-2023,Active
726,25,F,Quaterly,04-10-2023,Active
727,19,F,Quaterly,01-10-2023,Active
728,24,F,Weekly,14-12-2023,Active
729,22,F,Monthly,02-10-2023,Active
730,22,M,Monthly,25-10-2023,Active
731,19,M,Quaterly,05-12-2023,Active
732,26,M,Weekly,11-11-2023,Active
733,24,M,Weekly,30-10-2023,Active
734,19,M,Monthly,07-12-2023,Active
735,22,M,Monthly,11-11-2023,Active
736,25,M,Monthly,03-11-2023,Active
737,26,F,Monthly,03-11-2023,Cancelled
738,26,F,Weekly,06-12-2023,Active
739,19,M,Quaterly,17-11-2023,Active
740,24,M,Monthly,03-12-2023,Active
741,25,M,Weekly,08-11-2023,Active
742,25,M,Monthly,14-10-2023,Active
743,19,M,Weekly,26-12-2023,Active
744,26,M,Weekly,08-12-2023,Active
745,26,M,Monthly,17-12-2023,Active
746,41,M,Quaterly,27-12-2023,Active
747,24,M,Annually,02-12-2023,Active
748,21,F,Quaterly,11-12-2023,Active
749,22,M,Weekly,19-12-2023,Active
750,22,M,Weekly,19-12-2023,Active
751,31,F,Quaterly,17-10-2023,Active
752,54,M,Annually,18-12-2023,Active
753,22,F,Annually,10-11-2023,Active
754,26,M,Monthly,12-10-2023,Active
755,21,M,Weekly,11-10-2023,Active
756,22,F,Quaterly,15-10-2023,Active
757,23,F,Quaterly,18-12-2023,Active
758,48,M,Weekly,10-10-2023,Active
759,21,M,Weekly,11-12-2023,Active
760,21,M,Weekly,30-12-2023,Active
761,20,M,Weekly,13-12-2023,Active
762,26,F,Weekly,15-12-2023,Active
763,26,M,Weekly,12-12-2023,Active
764,23,F,Weekly,04-12-2023,Active
765,23,M,Weekly,14-11-2023,Active
766,17,M,Quaterly,04-10-2023,Active
767,32,M,Quaterly,21-10-2023,Active
768,22,M,Weekly,20-12-2023,Active
769,22,F,Monthly,06-10-2023,Active
770,19,F,Monthly,19-12-2023,Active
771,25,M,Weekly,20-11-2023,Active
772,21,F,Monthly,01-10-2023,Active
773,24,F,Monthly,15-10-2023,Active
774,22,M,Monthly,25-10-2023,Active
775,24,M,Weekly,18-10-2023,Active
776,23,F,Monthly,10-12-2023,Active
777,26,M,Monthly,14-10-2023,Active
778,25,F,Monthly,23-10-2023,Active
779,25,M,Weekly,04-12-2023,Active
780,24,M,Monthly,22-10-2023,Active
781,21,M,Weekly,10-10-2023,Active
782,19,M,Weekly,13-11-2023,Active
783,46,F,Monthly,21-12-2023,Active
784,24,F,Monthly,24-10-2023,Active
785,20,M,Weekly,02-10-2023,Active
786,20,M,Monthly,07-12-2023,Active
787,25,M,Weekly,19-10-2023,Cancelled
788,24,M,Weekly,18-10-2023,Active
789,25,M,Weekly,02-11-2023,Active
790,21,F,Weekly,20-11-2023,Active
791,25,F,Quaterly,06-12-2023,Active
792,20,F,Monthly,19-11-2023,Active
793,20,F,Weekly,18-12-2023,Active
794,20,M,Monthly,29-10-2023,Active
795,51,M,Annually,03-10-2023,Active
796,47,M,Quaterly,27-11-2023,Active
797,25,M,Weekly,28-11-2023,Active
798,20,M,Weekly,10-12-2023,Active
799,24,M,Quaterly,18-11-2023,Active
800,24,F,Monthly,12-11-2023,Active
801,22,F,Monthly,29-11-2023,Cancelled
802,26,M,Monthly,11-11-2023,Cancelled
803,19,F,Monthly,16-11-2023,Cancelled
804,26,F,Weekly,01-11-2023,Cancelled
805,20,M,Monthly,09-10-2023,Cancelled
806,24,M,Weekly,10-10-2023,Cancelled
807,23,M,Monthly,22-11-2023,Cancelled
808,19,F,Weekly,17-11-2023,Cancelled
809,25,M,Quaterly,19-11-2023,Cancelled
810,30,M,Weekly,08-12-2023,Cancelled
811,21,M,Monthly,02-11-2023,Cancelled
812,26,M,Monthly,17-10-2023,Cancelled
813,26,M,Quaterly,28-12-2023,Cancelled
814,20,M,Annually,15-10-2023,Cancelled
815,38,F,Annually,19-10-2023,Cancelled
816,24,M,Weekly,29-11-2023,Cancelled
817,20,M,Weekly,21-12-2023,Cancelled
818,24,M,Monthly,06-11-2023,Cancelled
819,22,F,Monthly,07-12-2023,Cancelled
820,20,M,Weekly,18-10-2023,Cancelled
821,24,F,Weekly,04-10-2023,Cancelled
822,19,F,Quaterly,05-11-2023,Cancelled
823,26,M,Weekly,07-12-2023,Cancelled
824,22,F,Monthly,07-11-2023,Cancelled
825,21,M,Weekly,09-10-2023,Active
826,26,M,Monthly,02-12-2023,Active
827,25,M,Monthly,03-11-2023,Active
828,20,F,Quaterly,21-11-2023,Active
829,21,F,Quaterly,05-11-2023,Active
830,19,F,Weekly,23-10-2023,Active
831,21,M,Weekly,11-10-2023,Active
832,26,F,Quaterly,27-11-2023,Active
833,21,M,Monthly,26-11-2023,Active
834,24,M,Monthly,14-12-2023,Active
835,20,M,Monthly,09-10-2023,Active
836,19,M,Monthly,29-10-2023,Active
837,26,F,Quaterly,01-12-2023,Active
838,19,F,Annually,04-10-2023,Active
839,19,F,Weekly,16-12-2023,Active
840,26,F,Monthly,05-12-2023,Active
841,25,F,Weekly,22-10-2023,Active
842,19,F,Quaterly,27-12-2023,Active
843,27,M,Monthly,13-12-2023,Active
844,26,F,Quaterly,11-11-2023,Active
845,20,F,Quaterly,08-10-2023,Active
846,20,M,Weekly,16-12-2023,Active
847,19,M,Monthly,06-10-2023,Active
848,21,M,Monthly,24-10-2023,Active
849,24,F,Monthly,09-11-2023,Active
850,23,F,Weekly,21-11-2023,Active
851,21,M,Monthly,13-12-2023,Active
852,24,M,Monthly,24-10-2023,Active
853,23,M,Weekly,28-11-2023,Active
854,20,M,Monthly,16-12-2023,Active
855,25,M,Monthly,19-12-2023,Active
856,19,F,Quaterly,12-10-2023,Active
857,25,F,Monthly,05-10-2023,Active
858,21,M,Weekly,23-12-2023,Expired
859,23,M,Monthly,04-12-2023,Expired
860,40,M,Weekly,18-11-2023,Expired
861,20,F,Weekly,28-10-2023,Expired
862,24,M,Monthly,11-12-2023,Expired
863,21,M,Weekly,28-12-2023,Expired
864,28,M,Weekly,09-12-2023,Expired
865,28,M,Weekly,25-12-2023,Expired
866,26,F,Quaterly,17-10-2023,Expired
867,19,M,Weekly,20-12-2023,Expired
868,23,M,Monthly,24-10-2023,Expired
869,19,M,Monthly,24-11-2023,Expired
870,23,F,Annually,26-11-2023,Expired
871,21,M,Monthly,26-12-2023,Expired
872,19,F,Weekly,13-10-2023,Expired
873,20,M,Quaterly,03-11-2023,Expired
874,22,F,Quaterly,08-10-2023,Expired
875,47,F,Quaterly,30-11-2023,Expired
876,20,M,Weekly,13-11-2023,Expired
877,19,F,Monthly,23-11-2023,Expired
878,23,F,Weekly,03-11-2023,Expired
879,26,F,Monthly,27-10-2023,Expired
880,24,F,Weekly,05-12-2023,Expired
881,19,F,Weekly,24-12-2023,Expired
882,25,M,Monthly,26-11-2023,Expired
883,39,F,Annually,30-12-2023,Expired
884,21,M,Weekly,09-12-2023,Expired
885,24,M,Weekly,02-12-2023,Expired
886,20,F,Monthly,28-10-2023,Expired
887,21,M,Monthly,13-11-2023,Expired
888,22,M,Weekly,24-11-2023,Expired
889,24,M,Monthly,01-12-2023,Expired
890,22,M,Weekly,07-12-2023,Expired
891,25,M,Quaterly,24-11-2023,Expired
892,34,M,Quaterly,22-10-2023,Expired
893,25,M,Weekly,14-12-2023,Expired
894,26,M,Weekly,18-12-2023,Expired
895,26,M,Weekly,28-12-2023,Expired
896,21,M,Weekly,15-12-2023,Expired
897,26,M,Monthly,30-12-2023,Expired
898,24,M,Monthly,22-10-2023,Active
899,45,M,Annually,04-12-2023,Active
900,26,M,Annually,14-12-2023,Active
901,21,M,Monthly,01-12-2023,Active
902,23,F,Weekly,28-11-2023,Active
903,42,F,Quaterly,11-10-2023,Active
904,42,M,Weekly,05-12-2023,Active
905,25,M,Weekly,14-12-2023,Active
906,23,M,Monthly,05-10-2023,Active
907,26,M,Monthly,25-12-2023,Active
908,20,M,Weekly,11-10-2023,Active
909,26,M,Weekly,21-11-2023,Active
910,22,M,Monthly,29-12-2023,Active
911,24,M,Weekly,27-12-2023,Active
912,22,F,Monthly,27-11-2023,Active
913,20,M,Annually,07-12-2023,Active
914,22,M,Monthly,30-11-2023,Active
915,25,M,Weekly,18-11-2023,Active
916,22,M,Monthly,11-11-2023,Active
917,19,M,Weekly,28-12-2023,Active
918,24,F,Quaterly,26-12-2023,Active
919,23,M,Annually,14-10-2023,Active
920,19,M,Weekly,06-11-2023,Active
921,19,M,Weekly,12-12-2023,Active
922,20,M,Monthly,02-10-2023,Active
923,25,M,Monthly,09-11-2023,Active
924,19,M,Monthly,09-12-2023,Active
925,19,F,Monthly,30-10-2023,Active
926,20,M,Monthly,17-11-2023,Active
927,26,F,Quaterly,15-10-2023,Active
928,24,F,Annually,02-10-2023,Active
929,20,M,Quaterly,24-12-2023,Active
930,19,M,Monthly,05-12-2023,Active
931,20,F,Weekly,18-12-2023,Active
932,21,M,Monthly,25-12-2023,Active
933,22,M,Monthly,23-11-2023,Active
934,22,M,Monthly,14-12-2023,Active
935,21,F,Weekly,21-10-2023,Active
936,19,M,Monthly,22-10-2023,Active
937,25,F,Weekly,28-10-2023,Active
938,25,M,Weekly,07-10-2023,Active
939,22,M,Quaterly,07-10-2023,Active
940,20,M,Weekly,10-11-2023,Active
941,25,M,Weekly,03-11-2023,Active
942,19,M,Weekly,27-11-2023,Active
943,26,M,Quaterly,23-10-2023,Active
944,19,F,Weekly,05-11-2023,Active
945,20,M,Monthly,05-10-2023,Active
946,20,M,Weekly,30-10-2023,Active
947,25,F,Monthly,03-11-2023,Active
948,24,M,Weekly,08-11-2023,Active
949,25,M,Weekly,18-12-2023,Active
950,22,M,Monthly,06-10-2023,Active
951,23,M,Weekly,27-11-2023,Active
952,19,M,Weekly,07-10-2023,Active
953,21,F,Weekly,14-10-2023,Active
954,37,F,Annually,14-11-2023,Active
955,55,M,Annually,08-12-2023,Active
956,23,M,Monthly,28-11-2023,Active
957,25,F,Quaterly,30-11-2023,Active
958,25,F,Weekly,19-11-2023,Active
959,19,M,Weekly,17-10-2023,Active
960,19,M,Weekly,19-12-2023,Active
961,20,F,Annually,25-10-2023,Active
962,25,M,Monthly,03-12-2023,Active
963,20,M,Weekly,08-11-2023,Active
964,22,M,Monthly,05-11-2023,Active
965,23,M,Monthly,16-11-2023,Active
966,41,M,Annually,07-10-2023,Active
967,33,M,Monthly,05-12-2023,Active
968,23,M,Monthly,18-12-2023,Active
969,22,M,Monthly,21-10-2023,Active
970,23,M,Weekly,20-11-2023,Active
971,23,M,Monthly,16-12-2023,Active
972,23,M,Weekly,14-10-2023,Active
973,19,M,Monthly,05-12-2023,Active
974,24,M,Weekly,21-11-2023,Active
975,26,M,Weekly,22-12-2023,Active
976,23,F,Weekly,22-12-2023,Active
977,24,M,Weekly,25-12-2023,Active
978,25,F,Monthly,12-10-2023,Active
979,26,M,Monthly,18-10-2023,Active
980,23,M,Monthly,07-10-2023,Active
981,20,F,Monthly,21-12-2023,Active
982,24,M,Quaterly,30-10-2023,Active
983,26,F,Monthly,16-11-2023,Active
984,19,F,Quaterly,15-10-2023,Active
985,20,M,Weekly,09-12-2023,Active
986,26,M,Monthly,18-10-2023,Active
987,24,M,Weekly,29-10-2023,Active
988,19,M,Weekly,23-11-2023,Active
989,19,M,Weekly,08-12-2023,Active
990,24,M,Monthly,04-11-2023,Active
991,21,M,Monthly,06-11-2023,Active
992,19,M,Weekly,22-10-2023,Active
993,31,M,Quaterly,23-10-2023,Active
994,25,F,Quaterly,16-12-2023,Cancelled
995,22,M,Weekly,11-10-2023,Cancelled
996,21,F,Quaterly,21-10-2023,Cancelled
997,24,F,Weekly,28-12-2023,Cancelled
998,26,M,Weekly,26-11-2023,Cancelled
999,25,M,Quaterly,10-12-2023,Cancelled
1000,21,M,Quaterly,03-10-2023,Cancelled
